{"name":"2ce9bce1-ae73-4ab9-8fd6-add8fdbfe956","id":"/providers/Microsoft.Flow/flows/2ce9bce1-ae73-4ab9-8fd6-add8fdbfe956","type":"Microsoft.Flow/flows","properties":{"apiId":"/providers/Microsoft.PowerApps/apis/shared_logicflows","displayName":"Covid19 Read PDF","definition":{"metadata":{"workflowEntityId":null,"creator":{"id":"6f1fb271-c14e-4f7a-9184-0acf66857e52","type":"User","tenantId":"9fef9207-da41-4072-a3a5-5f37f2c5de70"},"provisioningMethod":"FromDefinition","failureAlertSubscription":true,"clientLastModifiedTime":"2020-04-16T16:17:16.6131484Z"},"$schema":"https://schema.management.azure.com/providers/Microsoft.Logic/schemas/2016-06-01/workflowdefinition.json#","contentVersion":"1.0.0.0","parameters":{"$connections":{"defaultValue":{},"type":"Object"},"$authentication":{"defaultValue":{},"type":"SecureObject"}},"triggers":{"manual":{"type":"Request","kind":"PowerApp","inputs":{"schema":{"type":"object","properties":{"Getattachments_Id":{"type":"string","description":"Id of the list item to get attachments from.","x-ms-powerflows-param-ispartial":false}},"required":["Getattachments_Id"]}}}},"actions":{"Get_attachments":{"runAfter":{},"metadata":{"flowSystemMetadata":{"swaggerOperationId":"GetItemAttachments"}},"type":"ApiConnection","inputs":{"host":{"connection":{"name":"@json(decodeBase64(triggerOutputs().headers['X-MS-APIM-Tokens']))['$connections']['shared_sharepointonline']['connectionId']"},"api":{"runtimeUrl":"https://europe-002.azure-apim.net/apim/sharepointonline"}},"method":"get","path":"/datasets/@{encodeURIComponent(encodeURIComponent('https://ferranchopodev.sharepoint.com/sites/Covid19'))}/tables/@{encodeURIComponent(encodeURIComponent('4bef3129-825d-42e2-bf32-018aef0c2103'))}/items/@{encodeURIComponent(encodeURIComponent(triggerBody()['Getattachments_Id']))}/attachments","authentication":{"type":"Raw","value":"@json(decodeBase64(triggerOutputs().headers['X-MS-APIM-Tokens']))['$ConnectionKey']"}}},"Apply_to_each":{"foreach":"@body('Get_attachments')","actions":{"Get_attachment_content":{"runAfter":{},"metadata":{"flowSystemMetadata":{"swaggerOperationId":"GetAttachmentContent"}},"type":"ApiConnection","inputs":{"host":{"connection":{"name":"@json(decodeBase64(triggerOutputs().headers['X-MS-APIM-Tokens']))['$connections']['shared_sharepointonline']['connectionId']"},"api":{"runtimeUrl":"https://europe-002.azure-apim.net/apim/sharepointonline"}},"method":"get","path":"/datasets/@{encodeURIComponent(encodeURIComponent('https://ferranchopodev.sharepoint.com/sites/Covid19'))}/tables/@{encodeURIComponent(encodeURIComponent('4bef3129-825d-42e2-bf32-018aef0c2103'))}/items/@{encodeURIComponent(encodeURIComponent(triggerBody()['Getattachments_Id']))}/attachments/@{encodeURIComponent(items('Apply_to_each')?['Id'])}/$value","authentication":{"type":"Raw","value":"@json(decodeBase64(triggerOutputs().headers['X-MS-APIM-Tokens']))['$ConnectionKey']"}}}},"runAfter":{"Get_attachments":["Succeeded"]},"type":"Foreach"},"Respond_to_a_PowerApp_or_flow":{"runAfter":{"Apply_to_each":["Succeeded"]},"type":"Response","kind":"PowerApp","inputs":{"statusCode":200,"body":{"pdf":"@{body('Get_attachment_content')?[0]?['$content']}"},"schema":{"type":"object","properties":{"pdf":{"title":"PDF","x-ms-dynamically-added":true,"type":"string","format":"byte"}}}}}},"outputs":{}},"connectionReferences":{"shared_sharepointonline":{"connectionName":"791b71737c1f418dbd93cdd0ee99aa62","source":"Invoker","id":"/providers/Microsoft.PowerApps/apis/shared_sharepointonline","tier":"NotSpecified"}},"flowFailureAlertSubscribed":false}}