{"schemaVersion":"1.0","appDefinitionTemplate":{"id":"/providers/Microsoft.PowerApps/apps/","type":"Microsoft.PowerApps/apps","tags":{"primaryDeviceWidth":"640","primaryDeviceHeight":"1136","sienaVersion":"20200422T073549Z-3.20023.8.0","deviceCapabilities":"","supportsPortrait":"true","supportsLandscape":"false","primaryFormFactor":"Phone","publisherVersion":"3.20023.8","minimumRequiredApiVersion":"2.2.0","hasComponent":"false","hasUnlockedComponent":"false"},"properties":{"appVersion":"2020-04-22T07:35:49Z","lifeCycleId":"Published","createdByClientVersion":{"major":3,"minor":20023,"build":8,"revision":0,"majorRevision":0,"minorRevision":0},"minClientVersion":{"major":3,"minor":20023,"build":8,"revision":0,"majorRevision":0,"minorRevision":0},"backgroundColor":"rgba(0, 176, 240, 1)","backgroundImageUri":"/1017298548453897390/N6bb21e27-ca13-405e-bcc0-c33014b8ab09-logoSmallFile","displayName":"Covid-19 PDF Generator","description":"","commitMessage":"","appUris":{"documentUri":{"value":"/1017298548453897390/N6da63719-cdbc-4d60-8277-034b7734e520-document.msapp","readonlyValue":"/1017298548453897390/N6da63719-cdbc-4d60-8277-034b7734e520-document.msapp"},"imageUris":[]},"createdTime":"0001-01-01T00:00:00Z","lastModifiedTime":"0001-01-01T00:00:00Z","sharedGroupsCount":0,"sharedUsersCount":0,"icons":{"smallIconUri":"/1017298548453897390/N219a1c0e-4146-4896-b407-968490d387a5-small.png","mediumIconUri":"/1017298548453897390/Nfb56e06a-5af1-4d10-9ef7-f8f98c5c20bf-medium.png","largeIconUri":"/1017298548453897390/Nf1879871-a20c-4c99-970c-860653ccde30-large.png","wideIconUri":"/1017298548453897390/N5aa8d9cf-2e9f-4a3a-9896-3994d6f45629-wide.png"},"connectionReferences":{"3d7de9a9-83fa-4a0b-a38f-35ecaa15a214":{"id":"15c33ad4-2bd4-4345-bf14-dc7f585e49e5","displayName":"SharePoint","iconUri":"https://connectoricons-prod.azureedge.net/sharepointonline/icon_1.0.1329.1953.png","dataSources":["Solicitudes","Documents"],"dependencies":[],"dependents":["8bc7be16-bb05-4b84-86e5-f3b6d4852059"],"parameterHints":{},"isOnPremiseConnection":false,"bypassConsent":false,"dataSets":{"https://ferranchopodev.sharepoint.com/sites/Covid19":{"dataSources":{"Solicitudes":{"tableName":"4bef3129-825d-42e2-bf32-018aef0c2103"},"Documents":{"tableName":"5181280b-a1dd-4f35-9868-ee5e4abf709e"}}}},"apiTier":"Standard","isCustomApiConnection":false},"8bc7be16-bb05-4b84-86e5-f3b6d4852059":{"id":"8a968bd8-9b10-4f0f-ac48-8644e3e38e78","displayName":"Logic flows","iconUri":"https://resourcestackdeploy.blob.core.windows.net/scripts/13276078.png","dataSources":["Covid19ReadPDF"],"dependencies":["3d7de9a9-83fa-4a0b-a38f-35ecaa15a214"],"dependents":[],"parameterHints":{"workflowName":{"value":"94a8ade1-b578-4faa-85d8-f63ce37fcce6"},"3d7de9a9-83fa-4a0b-a38f-35ecaa15a214":{"value":"shared_sharepointonline"}},"isOnPremiseConnection":false,"bypassConsent":false,"dataSets":{},"apiTier":"Standard","isCustomApiConnection":false}},"databaseReferences":{},"almMode":"Environment","performanceOptimizationEnabled":false,"canConsumeAppPass":true},"isAppComponentLibrary":false,"appType":"ClassicCanvasApp","appComponents":[]}}