{"name":"d5e96dfc-bba0-4621-bea4-a3441254af90","id":"/providers/Microsoft.Flow/flows/d5e96dfc-bba0-4621-bea4-a3441254af90","type":"Microsoft.Flow/flows","properties":{"apiId":"/providers/Microsoft.PowerApps/apis/shared_logicflows","displayName":"Covid19 PDF Generator","definition":{"metadata":{"workflowEntityId":null,"creator":{"id":"6f1fb271-c14e-4f7a-9184-0acf66857e52","type":"User","tenantId":"9fef9207-da41-4072-a3a5-5f37f2c5de70"},"provisioningMethod":"FromDefinition","failureAlertSubscription":true,"clientLastModifiedTime":"2020-04-20T17:26:53.6639722Z"},"$schema":"https://schema.management.azure.com/providers/Microsoft.Logic/schemas/2016-06-01/workflowdefinition.json#","contentVersion":"1.0.0.0","parameters":{"$connections":{"defaultValue":{},"type":"Object"},"$authentication":{"defaultValue":{},"type":"SecureObject"}},"triggers":{"When_an_item_is_created":{"recurrence":{"frequency":"Minute","interval":3},"splitOn":"@triggerBody()?['value']","metadata":{"flowSystemMetadata":{"swaggerOperationId":"GetOnNewItems"}},"type":"ApiConnection","inputs":{"host":{"connection":{"name":"@parameters('$connections')['shared_sharepointonline']['connectionId']"},"api":{"runtimeUrl":"https://europe-002.azure-apim.net/apim/sharepointonline"}},"method":"get","path":"/datasets/@{encodeURIComponent(encodeURIComponent('https://ferranchopodev.sharepoint.com/sites/Covid19'))}/tables/@{encodeURIComponent(encodeURIComponent('4bef3129-825d-42e2-bf32-018aef0c2103'))}/onnewitems","authentication":"@parameters('$authentication')"}}},"actions":{"Populate_a_Microsoft_Word_template":{"runAfter":{"Initialize_ProvinciaDestino":["Succeeded"]},"metadata":{"flowSystemMetadata":{"swaggerOperationId":"CreateFileItem"}},"type":"ApiConnection","inputs":{"host":{"connection":{"name":"@parameters('$connections')['shared_wordonlinebusiness']['connectionId']"},"api":{"runtimeUrl":"https://europe-002.azure-apim.net/apim/wordonlinebusiness"}},"method":"post","body":{"427244101":"@triggerBody()?['Motivo']?['Value']","1038084493":"@body('Get_user')?['displayName']","1125592489":"@variables('ProvinciaOrigen')","1215782507":"@body('Get_user')?['officeLocation']","-2041737072":"@triggerBody()?['Municipio_x0020_Origen']?['Value']","-999187579":"@variables('ProvinciaDestino')","-12451455":"@triggerBody()?['Municipio_x0020_Destino']?['Value']"},"path":"/api/templates/getFile","queries":{"source":"groups/a4776299-9f38-465f-a969-7389910859fe","drive":"b!aeZ2HrXmMEWQMeymfF1PaGqmE8Q4SHNMixYFfu9gMnkLKIFR3aE1T5ho7l5Kv3Ce","file":"certificado_covid19.docx"},"authentication":"@parameters('$authentication')"}},"Convert_Word_Document_to_PDF":{"runAfter":{"Create_file":["Succeeded"]},"metadata":{"flowSystemMetadata":{"swaggerOperationId":"GetFilePDF"}},"type":"ApiConnection","inputs":{"host":{"connection":{"name":"@parameters('$connections')['shared_wordonlinebusiness']['connectionId']"},"api":{"runtimeUrl":"https://europe-002.azure-apim.net/apim/wordonlinebusiness"}},"method":"get","path":"/api/templates/convertFile","queries":{"source":"groups/a4776299-9f38-465f-a969-7389910859fe","drive":"b!aeZ2HrXmMEWQMeymfF1PaGqmE8Q4SHNMixYFfu9gMnkLKIFR3aE1T5ho7l5Kv3Ce","file":"@body('Create_file')?['Name']","format":"pdf"},"authentication":"@parameters('$authentication')"}},"Create_file":{"runAfter":{"Populate_a_Microsoft_Word_template":["Succeeded"]},"metadata":{"flowSystemMetadata":{"swaggerOperationId":"CreateFile"}},"type":"ApiConnection","inputs":{"host":{"connection":{"name":"@parameters('$connections')['shared_sharepointonline']['connectionId']"},"api":{"runtimeUrl":"https://europe-002.azure-apim.net/apim/sharepointonline"}},"method":"post","body":"@body('Populate_a_Microsoft_Word_template')","path":"/datasets/@{encodeURIComponent(encodeURIComponent('https://ferranchopodev.sharepoint.com/sites/Covid19'))}/files","queries":{"folderPath":"/Shared Documents","name":"@{triggerBody()?['ID']}.docx","queryParametersSingleEncoded":true},"authentication":"@parameters('$authentication')"}},"Initialize_ProvinciaOrigen":{"runAfter":{"Get_item":["Succeeded"]},"type":"InitializeVariable","inputs":{"variables":[{"name":"ProvinciaOrigen","type":"string","value":"@body('Get_item')?['Municipio_x0020_Origen_x003a_Pro']?['Value']"}]}},"Initialize_ProvinciaDestino":{"runAfter":{"Initialize_ProvinciaOrigen":["Succeeded"]},"type":"InitializeVariable","inputs":{"variables":[{"name":"ProvinciaDestino","type":"string","value":"@body('Get_item')?['Municipio_x0020_Destino_x003a_Pr']?['Value']"}]}},"Get_item":{"runAfter":{"Get_user":["Succeeded"]},"metadata":{"flowSystemMetadata":{"swaggerOperationId":"GetItem"}},"type":"ApiConnection","inputs":{"host":{"connection":{"name":"@parameters('$connections')['shared_sharepointonline']['connectionId']"},"api":{"runtimeUrl":"https://europe-002.azure-apim.net/apim/sharepointonline"}},"method":"get","path":"/datasets/@{encodeURIComponent(encodeURIComponent('https://ferranchopodev.sharepoint.com/sites/Covid19'))}/tables/@{encodeURIComponent(encodeURIComponent('4bef3129-825d-42e2-bf32-018aef0c2103'))}/items/@{encodeURIComponent(triggerBody()?['ID'])}","authentication":"@parameters('$authentication')"}},"Get_user":{"runAfter":{},"metadata":{"flowSystemMetadata":{"swaggerOperationId":"GetUser"}},"type":"ApiConnection","inputs":{"host":{"connection":{"name":"@parameters('$connections')['shared_azuread']['connectionId']"},"api":{"runtimeUrl":"https://europe-002.azure-apim.net/apim/azuread"}},"method":"get","path":"/v1.0/users/@{encodeURIComponent(triggerBody()?['Author']?['Email'])}","authentication":"@parameters('$authentication')"}},"Add_attachment":{"runAfter":{"Get_file_content":["Succeeded"]},"metadata":{"flowSystemMetadata":{"swaggerOperationId":"CreateAttachment"}},"type":"ApiConnection","inputs":{"host":{"connection":{"name":"@parameters('$connections')['shared_sharepointonline']['connectionId']"},"api":{"runtimeUrl":"https://europe-002.azure-apim.net/apim/sharepointonline"}},"method":"post","body":"@body('Get_file_content')","path":"/datasets/@{encodeURIComponent(encodeURIComponent('https://ferranchopodev.sharepoint.com/sites/Covid19'))}/tables/@{encodeURIComponent(encodeURIComponent('4bef3129-825d-42e2-bf32-018aef0c2103'))}/items/@{encodeURIComponent(encodeURIComponent(body('Get_item')?['ID']))}/attachments","queries":{"displayName":"Solicitud.pdf"},"authentication":"@parameters('$authentication')"}},"Create_PDF_File":{"runAfter":{"Convert_Word_Document_to_PDF":["Succeeded"]},"metadata":{"flowSystemMetadata":{"swaggerOperationId":"CreateFile"}},"type":"ApiConnection","inputs":{"host":{"connection":{"name":"@parameters('$connections')['shared_sharepointonline']['connectionId']"},"api":{"runtimeUrl":"https://europe-002.azure-apim.net/apim/sharepointonline"}},"method":"post","body":"@body('Convert_Word_Document_to_PDF')","path":"/datasets/@{encodeURIComponent(encodeURIComponent('https://ferranchopodev.sharepoint.com/sites/Covid19'))}/files","queries":{"folderPath":"/Shared Documents","name":"@{body('Get_item')?['ID']}.pdf","queryParametersSingleEncoded":true},"authentication":"@parameters('$authentication')"}},"Get_file_content":{"runAfter":{"Get_file_properties":["Succeeded"]},"metadata":{"flowSystemMetadata":{"swaggerOperationId":"GetFileContent"}},"type":"ApiConnection","inputs":{"host":{"connection":{"name":"@parameters('$connections')['shared_sharepointonline']['connectionId']"},"api":{"runtimeUrl":"https://europe-002.azure-apim.net/apim/sharepointonline"}},"method":"get","path":"/datasets/@{encodeURIComponent(encodeURIComponent('https://ferranchopodev.sharepoint.com/sites/Covid19'))}/files/@{encodeURIComponent(body('Get_file_properties')?['{Identifier}'])}/content","queries":{"inferContentType":true},"authentication":"@parameters('$authentication')"}},"Get_file_properties":{"runAfter":{"Create_PDF_File":["Succeeded"]},"metadata":{"flowSystemMetadata":{"swaggerOperationId":"GetFileItem"}},"type":"ApiConnection","inputs":{"host":{"connection":{"name":"@parameters('$connections')['shared_sharepointonline']['connectionId']"},"api":{"runtimeUrl":"https://europe-002.azure-apim.net/apim/sharepointonline"}},"method":"get","path":"/datasets/@{encodeURIComponent(encodeURIComponent('https://ferranchopodev.sharepoint.com/sites/Covid19'))}/tables/@{encodeURIComponent(encodeURIComponent('5181280b-a1dd-4f35-9868-ee5e4abf709e'))}/items/@{encodeURIComponent(body('Create_PDF_File')?['ItemId'])}/getfileitem","authentication":"@parameters('$authentication')"}},"Delete_PDF_file":{"runAfter":{"Delete_Word_file":["Succeeded"]},"metadata":{"flowSystemMetadata":{"swaggerOperationId":"DeleteFile"}},"type":"ApiConnection","inputs":{"host":{"connection":{"name":"@parameters('$connections')['shared_sharepointonline']['connectionId']"},"api":{"runtimeUrl":"https://europe-002.azure-apim.net/apim/sharepointonline"}},"method":"delete","path":"/datasets/@{encodeURIComponent(encodeURIComponent('https://ferranchopodev.sharepoint.com/sites/Covid19'))}/files/@{encodeURIComponent(body('Get_file_properties')?['{Identifier}'])}","authentication":"@parameters('$authentication')"}},"Delete_Word_file":{"runAfter":{"Add_attachment":["Succeeded"]},"metadata":{"flowSystemMetadata":{"swaggerOperationId":"DeleteFile"}},"type":"ApiConnection","inputs":{"host":{"connection":{"name":"@parameters('$connections')['shared_sharepointonline']['connectionId']"},"api":{"runtimeUrl":"https://europe-002.azure-apim.net/apim/sharepointonline"}},"method":"delete","path":"/datasets/@{encodeURIComponent(encodeURIComponent('https://ferranchopodev.sharepoint.com/sites/Covid19'))}/files/@{encodeURIComponent(body('Create_file')?['Id'])}","authentication":"@parameters('$authentication')"}}}},"connectionReferences":{"shared_wordonlinebusiness":{"connectionName":"shared-wordonlinebus-037d9bca-0e1f-437e-8971-c707ff72ffff","source":"Embedded","id":"/providers/Microsoft.PowerApps/apis/shared_wordonlinebusiness","tier":"NotSpecified"},"shared_sharepointonline":{"connectionName":"791b71737c1f418dbd93cdd0ee99aa62","source":"Embedded","id":"/providers/Microsoft.PowerApps/apis/shared_sharepointonline","tier":"NotSpecified"},"shared_azuread":{"connectionName":"shared-azuread-23d9ad49-aed7-41bf-b26e-fbae5d83ce33","source":"Embedded","id":"/providers/Microsoft.PowerApps/apis/shared_azuread","tier":"NotSpecified"}},"flowFailureAlertSubscribed":false}}